icao,delivery,ground,tower,departure,approach,center
CYAM,\N,CYAM_GND,CYAM_TWR,\N,\N,TOR_CTR
CYAY,\N,\N,\N,\N,\N,CZQX_CTR
CYAZ,\N,\N,CYZT_TWR,\N,\N,\N
CYBG,CYBG_DEL,CYBG_GND,CYBG_TWR,\N,CYBG_APP,MTL_CTR
CYBL,\N,\N,CYBL_TWR,\N,\N,\N
CYCD,\N,CYCD_GND,CYCD_TWR,\N,\N,\N
CYCG,\N,\N,CYCG_TWR,\N,\N,\N
CYDF,\N,\N,\N,\N,\N,CZQX_CTR
CYEG,\N,\N,\N,CYEG_DEP,CZEG_APP,CZEG_CTR
CYFC,\N,CYFC_GND,CYFC_TWR,\N,CYSJ_APP,CZQM_CTR
CYHM,\N,CYHM_GND,CYHM_TWR,\N,\N,TOR_CTR
CYHU,\N,CYHU_GND,CYHU_TWR,CYUL_DEP,\N,MTL_CTR
CYHZ,CYHZ_DEL,CYHZ_GND,CYHZ_TWR,\N,CYHZ_APP,CZQM_CTR
CYJN,\N,CYJN_GND,CYJN_TWR,CYUL_DEP,\N,MTL_CTR
CYJT,\N,\N,\N,\N,\N,CZQX_CTR
CYKA,CYKA_DEL,\N,CYKA_TWR,\N,\N,\N
CYKF,\N,CYKF_GND,CYKF_TWR,\N,\N,TOR_CTR
CYLW,\N,CYLW_GND,CYLW_TWR,\N,\N,\N
CYMJ,CYMJ_DEL,CYMJ_GND,CYMJ_TWR,\N,CYMJ_APP,CZWG_CTR
CYMX,\N,CYMX_GND,CYMX_TWR,CYUL_DEP,\N,MTL_CTR
CYND,\N,\N,\N,CYOW_DEP,\N,MTL_CTR
CYNJ,\N,CYNJ_GND,CYNJ_TWR,\N,\N,\N
CYOO,\N,CYOO_GND,CYOO_TWR,\N,\N,TOR_CTR
CYOW,CYOW_DEL,CYOW_GND,CYOW_TWR,CYOW_DEP,CYOW_APP,MTL_CTR
CYPD,\N,\N,\N,\N,\N,CZQM_CTR
CYPG,\N,CYPG_GND,CYPG_TWR,CYWG_DEP,CYWG_APP,CZWG_CTR
CYQB,\N,CYQB_GND,CYQB_TWR,\N,CYQB_APP,MTL_CTR
CYQG,\N,YQG_GND,YQG_TWR,\N,\N,\N
CYQI,\N,\N,\N,\N,\N,CZQM_CTR
CYQM,\N,CYQM_GND,CYQM_TWR,\N,CYSJ_APP,CZQM_CTR
CYQQ,CYQQ_DEL,CYQQ_GND,CYQQ_TWR,\N,CYQQ_APP,\N
CYQR,\N,CYQR_GND,CYQR_TWR,\N,\N,CZWG_CTR
CYQT,\N,CYQT_GND,CYQT_TWR,\N,CYQT_APP,CZWG_CTR
CYQX,\N,CYQX_GND,CYQX_TWR,\N,CYQX_APP,CZQX_CTR
CYQY,\N,\N,\N,\N,\N,CZQM_CTR
CYQZ,\N,\N,CYWL_TWR,\N,\N,\N
CYSJ,\N,\N,\N,\N,CYSJ_APP,CZQM_CTR
CYTR,\N,CYTR_GND,CYTR_TWR,\N,\N,TOR_CTR
CYTZ,\N,CYTZ_GND,CYTZ_TWR,\N,TOR_APP,TOR_CTR
CYUL,CYUL_DEL,CYUL_GND,CYUL_TWR,CYUL_DEP,CYUL_APP,MTL_CTR
CYVR,CYVR_DEL,CYVR_GND,CYVR_TWR,CYVR_DEP,CYVR_APP,\N
CYWG,CYWG_DEL,CYWG_GND,CYWG_TWR,CYWG_DEP,CYWG_APP,CZWG_CTR
CYWL,\N,\N,CYWL_TWR,\N,\N,\N
CYXC,\N,\N,CYXC_TWR,\N,\N,\N
CYXE,\N,CYXE_GND,CYXE_TWR,\N,CYXE_APP,CZWG_CTR
CYXS,\N,CYXS_GND,CYXS_TWR,\N,\N,\N
CYXT,\N,\N,CYXT_TWR,\N,\N,\N
CYXU,\N,CYXU_GND,CYXU_TWR,\N,\N,TOR_CTR
CYXX,\N,CYXX_GND,CYXX_TWR,\N,CYYJ_APP,\N
CYYC,\N,\N,\N,CYYC_DEP,CZEG_APP,CZEG_CTR
CYYD,\N,\N,CYYD_TWR,\N,\N,\N
CYYF,\N,CYYF_GND,CYYF_TWR,\N,\N,\N
CYYG,\N,\N,\N,\N,CYSJ_APP,CZQM_CTR
CYYJ,CYYJ_DEL,CYYJ_GND,CYYJ_TWR,\N,\N,\N
CYYR,CYYR_DEL,CYYR_GND,CYYR_TWR,\N,CYYR_APP,CZQX_CTR
CYYT,\N,CYYT_GND,CYYT_TWR,\N,CYYT_APP,CZQX_CTR
CYYZ,CYYZ_DEL,CYYZ_GND,CYYZ_TWR,\N,TOR_APP,TOR_CTR
CYZP,\N,\N,CYXT_TWR,\N,\N,\N
CYZT,\N,\N,CYZT_TWR,\N,\N,\N
CYZX,CYZX_DEL,CYZX_GND,CYZX_TWR,\N,CYZX_APP,CZQM_CTR
CZBB,\N,CZBB_GND,CZBB_TWR,\N,\N,\N
EBAW,\N,EBAW_GND,EBAW_TWR,EBBR_DEP,EBBR_APP,EBBU_CTR
EBBR,EBBR_DEL,EBBR_GND,EBBR_TWR,EBBR_DEP,EBBR_APP,EBBU_CTR
EBCI,\N,EBCI_GND,EBCI_TWR,EBBR_DEP,EBCI_APP,EBBU_CTR
EBKT,\N,\N,\N,\N,\N,EBKT_CTR
EBLG,\N,EBLG_GND,EBLG_TWR,\N,EBLG_APP,EBBU_CTR
EBOS,\N,EBOS_GND,EBOS_TWR,\N,EBOS_APP,EBBU_CTR
EDDF,EDDF_DEL,EDDF_GND,EDDF_TWR,EDDF_DEP,EDDF_APP,\N
EDDM,EDDM_DEL,EDDM_GND,EDDM_TWR,\N,EDDM_APP,EDMM_CTR
EDDN,\N,EDDN_GND,EDDN_TWR,\N,EDDN_APP,EDMM_CTR
EDJA,\N,EDJA_GND,EDJA_TWR,\N,EDMM_APP,EDMM_CTR
EEKA,\N,\N,EEKA_TWR,\N,\N,EETT_CTR
EEKE,\N,\N,EEKE_TWR,\N,\N,EETT_CTR
EEPU,\N,\N,EEPU_TWR,\N,\N,EETT_CTR
EETN,\N,\N,EETN_TWR,\N,EETN_APP,EETT_CTR
EETU,\N,\N,EETU_TWR,\N,\N,EETT_CTR
EFET,\N,\N,EFET_TWR,\N,\N,EFIN_CTR
EFHA,\N,\N,EFHA_TWR,\N,EFHA_APP,EFIN_CTR
EFHK,EFHK_DEL,EFHK_GND,EFHK_TWR,\N,EFHK_APP,EFIN_CTR
EFIV,\N,\N,EFIV_TWR,\N,\N,EFIN_CTR
EFJY,\N,EFJY_GND,EFJY_TWR,\N,EFJY_APP,EFIN_CTR
EFKE,\N,\N,EFKE_TWR,\N,\N,EFIN_CTR
EFKI,\N,\N,EFKI_TWR,\N,\N,EFIN_CTR
EFKK,\N,\N,EFKK_TWR,\N,\N,EFIN_CTR
EFKS,\N,\N,EFKS_TWR,\N,\N,EFIN_CTR
EFKT,\N,\N,EFKT_TWR,\N,EFKT_APP,EFIN_CTR
EFKU,\N,\N,EFKU_TWR,\N,EFKU_APP,EFIN_CTR
EFMA,\N,\N,EFMA_TWR,\N,EFMA_APP,EFIN_CTR
EFMI,\N,\N,EFMI_TWR,\N,\N,EFIN_CTR
EFOU,\N,\N,EFOU_TWR,\N,EFOU_APP,EFIN_CTR
EFPO,\N,\N,EFPO_TWR,\N,EFPO_APP,EFIN_CTR
EFRO,EFRO_DEL,\N,EFRO_TWR,\N,EFRO_APP,EFIN_CTR
EFSA,\N,\N,EFSA_TWR,\N,\N,EFIN_CTR
EFSI,\N,\N,EFSI_TWR,\N,\N,EFIN_CTR
EFTP,\N,EFTP_GND,EFTP_TWR,\N,EFTP_APP,EFIN_CTR
EFTU,\N,\N,EFTU_TWR,\N,EFTU_APP,EFIN_CTR
EFUT,\N,\N,EFUT_TWR,\N,\N,EFIN_CTR
EFVA,\N,\N,EFVA_TWR,\N,EFVA_APP,EFIN_CTR
EHAM,\N,EHAM_GND,EHAM_TWR,\N,EHAM_APP,EHAA_CTR
EHBK,\N,\N,EHBK_TWR,\N,EHBK_APP,EHAA_CTR
EHEH,\N,EHEH_GND,EHEH_TWR,\N,EHEH_APP,EHAA_CTR
EHGG,\N,\N,EHGG_TWR,\N,EHGG_APP,EHAA_CTR
EHLE,\N,\N,EHLE_TWR,\N,EHLE_APP,EHAA_CTR
EHRD,\N,\N,EHRD_TWR,\N,EHRD_APP,EHAA_CTR
EICK,\N,EICK_GND,EICK_TWR,\N,EICK_APP,EISN_CTR
EIDL,\N,\N,EIDL_TWR,\N,\N,EISN_CTR
EIDW,EIDW_DEL,EIDW_GND,EIDW_TWR,\N,EIDW_APP,EISN_CTR
EKBI,\N,\N,EKBI_TWR,\N,EKBI_APP,\N
EKCH,EKCH_DEL,EKCH_GND,EKYT_TWR,EKCH_DEP,EKYT_APP,EKDK_CTR
EKYT,\N,\N,EKYT_TWR,\N,EKYT_APP,\N
ELLX,\N,\N,ELLX_TWR,\N,ELLX_APP,EBBU_CTR
ENCN,\N,\N,ENCN_TWR,\N,ENCN_APP,ENOS_CTR
ENGM,ENGM_DEL,ENGM_GND,ENGM_TWR,\N,ENGM_APP,ENOS_CTR
ENNO,\N,\N,ENNO_TWR,\N,ENTO_APP,ENOS_CTR
ENRY,\N,ENRY_GND,ENRY_TWR,\N,ENTO_APP,ENOS_CTR
ENTO,\N,ENTO_GND,ENTO_TWR,\N,ENTO_APP,ENOS_CTR
EPGD,\N,EPGD_GND,EPGD_TWR,\N,EPGD_APP,\N
EPKK,EPKK_DEL,EPKK_GND,EPKK_TWR,\N,EPKK_APP,\N
EPKT,EPKT_DEL,\N,EPKT_TWR,\N,EPKK_APP,\N
EPLL,EPLL_DEL,\N,EPLL_TWR,\N,EPWA_APP,\N
EPMO,EPMO_DEL,\N,EPMO_TWR,\N,EPWA_APP,\N
EPWA,EPWA_DEL,EPWA_GND,EPWA_TWR,\N,EPWA_APP,\N
EVLA,\N,\N,EVLA_TWR,\N,\N,EVRR_CTR
EVRA,\N,EVRA_GND,EVRA_TWR,\N,EVRA_APP,EVRR_CTR
EYKA,\N,\N,\N,\N,EYKA_APP,EYVL_CTR
EYPA,\N,\N,\N,\N,EYPA_APP,EYVL_CTR
EYSA,\N,\N,\N,\N,EYSA_APP,EYVL_CTR
EYVI,\N,\N,EYVI_TWR,\N,EYVI_APP,EYVL_CTR
GCLP,GCLP_DEL,GCLP_GND,GCLP_TWR,\N,GCLP_APP,\N
GMAD,\N,\N,GMAD_TWR,\N,GMAD_APP,\N
GMMN,GMMN_DEL,GMMN_GND,GMMN_TWR,GMMN_DEP,GMMN_APP,\N
GMMX,GMMX_DEL,GMMX_GND,GMMX_TWR,GMMX_DEP,GMMX_APP,\N
GVBA,\N,\N,GVBA_TWR,\N,GVSC_APP,GVSC_CTR
GVNP,\N,\N,GVNP_TWR,\N,GVSC_APP,GVSC_CTR
GVSV,\N,\N,GVSV_TWR,\N,GVSC_APP,GVSC_CTR
HECA,\N,HECA_GND,HECA_TWR,\N,HECA_APP,\N
KAAF,\N,\N,\N,\N,TYN_APP,JAX_CTR
KABE,ABE_DEL,ABE_GND,ABE_TWR,ABE_DEP,ABE_APP,NY_CTR
KABI,\N,ABI_GND,ABI_TWR,\N,ABI_APP,FTW_CTR
KABQ,ABQ_DEL,ABQ_GND,ABQ_TWR,\N,ABQ_APP,ABQ_CTR
KABR,\N,\N,\N,\N,\N,MSP_CTR
KABY,\N,ABY_GND,ABY_TWR,\N,\N,JAX_CTR
KACB,\N,\N,\N,\N,\N,MSP_CTR
KACK,ACK_DEL,ACK_GND,ACK_TWR,\N,ACK_APP,BOS_CTR
KACT,\N,ACT_GND,ACT_TWR,\N,ACT_APP,FTW_CTR
KACV,\N,\N,\N,\N,\N,SEA_CTR
KACY,ACY_DEL,ACY_GND,ACY_TWR,\N,ACY_APP,DC_CTR
KADH,\N,\N,\N,\N,\N,FTW_CTR
KADM,\N,\N,\N,\N,\N,FTW_CTR
KADS,\N,\N,\N,\N,REG_APP,FTW_CTR
KADW,ADW_DEL,ADW_GND,ADW_TWR,\N,PCT_APP,DC_CTR
KAEL,\N,\N,\N,\N,RST_APP,MSP_CTR
KAEX,\N,AEX_GND,AEX_TWR,\N,POE_APP,HOU_CTR
KAFF,\N,\N,\N,\N,\N,DEN_CTR
KAFJ,\N,\N,\N,\N,PIT_APP,\N
KAFN,\N,\N,\N,\N,\N,BOS_CTR
KAFO,\N,\N,\N,\N,SLC_APP,\N
KAFW,AFW_DEL,AFW_GND,AFW_TWR,\N,REG_APP,FTW_CTR
KAGC,\N,AGC_GND,AGC_TWR,\N,PIT_APP,\N
KAGO,\N,\N,\N,\N,LIT_APP,\N
KAGS,AGS_DEL,AGS_GND,AGS_TWR,\N,AGS_APP,ATL_CTR
KAHC,\N,\N,\N,\N,\N,OAK_CTR
KAHH,\N,\N,\N,\N,MSP_APP,\N
KAHN,\N,AHN_GND,AHN_TWR,\N,ATL_APP,ATL_CTR
KAIA,\N,\N,\N,\N,\N,DEN_CTR
KAID,\N,\N,\N,\N,\N,IND_CTR
KAIK,\N,\N,\N,\N,AGS_APP,\N
KAIO,\N,\N,\N,\N,\N,MSP_CTR
KAKO,\N,\N,\N,\N,\N,DEN_CTR
KAKR,\N,\N,\N,\N,CMH_APP,\N
KALB,ALB_DEL,ALB_GND,ALB_TWR,\N,ALB_APP,BOS_CTR
KALI,\N,\N,\N,\N,NQI_APP,\N
KALM,\N,\N,\N,HMN_DEP,HMN_APP,ABQ_CTR
KALN,\N,\N,ALN_TWR,\N,\N,\N
KALS,\N,\N,\N,\N,\N,DEN_CTR
KALW,\N,ALW_GND,ALW_TWR,\N,PSC_APP,SEA_CTR
KALX,\N,\N,\N,\N,MGM_APP,\N
KAMA,AMA_DEL,AMA_GND,AMA_TWR,\N,AMA_APP,ABQ_CTR
KAMW,\N,\N,\N,\N,DSM_APP,\N
KANB,\N,\N,\N,\N,BHM_APP,ATL_CTR
KAND,\N,\N,\N,\N,GSP_APP,\N
KANK,\N,\N,\N,\N,\N,DEN_CTR
KANP,\N,\N,\N,\N,PCT_APP,DC_CTR
KANQ,\N,\N,\N,\N,FWA_APP,\N
KANW,\N,\N,\N,\N,\N,DEN_CTR
KAOH,\N,\N,\N,\N,CMH_APP,IND_CTR
KAPA,\N,APA_GND,APA_TWR,\N,DEN_APP,DEN_CTR
KAPC,\N,\N,\N,\N,NCT_APP,OAK_CTR
KAPF,\N,APF_GND,APF_TWR,\N,RSW_APP,MIA_CTR
KAPG,\N,APG_GND,APG_TWR,\N,PCT_APP,DC_CTR
KAPH,\N,\N,\N,\N,PCT_APP,DC_CTR
KAPN,\N,APN_GND,APN_TWR,\N,APN_APP,MSP_CTR
KAPT,\N,\N,\N,\N,CHA_APP,\N
KAPV,\N,\N,\N,\N,EDW_APP,LAX_CTR
KARA,\N,ARA_GND,ARA_TWR,\N,LFT_APP,HOU_CTR
KARB,\N,\N,\N,\N,DTW_APP,\N
KARG,\N,\N,\N,\N,MEM_APP,MEM_CTR
KARM,\N,\N,\N,\N,I90_APP,HOU_CTR
KARR,\N,\N,\N,\N,\N,CHI_CTR
KARV,\N,\N,\N,\N,\N,MSP_CTR
KASE,\N,ASE_GND,ASE_TWR,\N,ASE_APP,DEN_CTR
KASG,\N,\N,\N,\N,LIT_APP,\N
KASH,\N,\N,\N,\N,ACK_APP,BOS_CTR
KASL,\N,\N,\N,\N,SHV_APP,\N
KASN,\N,\N,\N,\N,BHM_APP,ATL_CTR
KAST,\N,\N,\N,\N,SEA_APP,SEA_CTR
KASX,\N,\N,\N,\N,MSP_APP,\N
KATL,ATL_DEL,ATL_GND,ATL_TWR,\N,ATL_APP,ATL_CTR
KATS,\N,\N,\N,\N,ROW_APP,\N
KATW,\N,ATW_GND,ATW_TWR,\N,GRB_APP,MSP_CTR
KATY,\N,\N,\N,\N,\N,MSP_CTR
KAUG,\N,\N,\N,\N,PDX_APP,BOS_CTR
KAUM,\N,\N,\N,\N,RST_APP,\N
KAUN,\N,\N,\N,\N,NCT_APP,OAK_CTR
KAUO,\N,\N,\N,\N,ATL_APP,\N
KAUS,AUS_DEL,AUS_GND,AUS_TWR,\N,AUS_APP,HOU_CTR
KAUW,\N,\N,\N,\N,\N,MSP_CTR
KAVL,\N,AVL_GND,AVL_TWR,\N,AVL_APP,ATL_CTR
KAVO,\N,\N,\N,\N,\N,MIA_CTR
KAVP,\N,AVP_GND,AVP_TWR,\N,AVP_APP,NY_CTR
KAVQ,\N,\N,\N,\N,PHX_APP,ABQ_CTR
KAVX,\N,\N,\N,\N,BUR_APP,LAX_CTR
KAWM,\N,\N,\N,MEM_DEP,MEM_APP,MEM_CTR
KAXA,\N,\N,\N,\N,\N,MSP_CTR
KAXN,\N,\N,\N,\N,\N,MSP_CTR
KAXV,\N,\N,\N,\N,CMH_APP,\N
KAYS,\N,\N,\N,\N,JAX_APP,JAX_CTR
KAZO,AZO_DEL,AZO_GND,AZO_TWR,\N,AZO_APP,CHI_CTR
KBAB,\N,BAB_GND,BAB_TWR,NCT_DEP,SMF_APP,OAK_CTR
KBAD,\N,BAD_GND,BAD_TWR,\N,SHV_APP,FTW_CTR
KBAF,\N,BAF_GND,BAF_TWR,\N,BDL_APP,BOS_CTR
KBAK,\N,BAK_GND,BAK_TWR,IND_DEP,\N,IND_CTR
KBAM,\N,\N,\N,\N,\N,SLC_CTR
KBAZ,BAZ_DEL,BAZ_GND,BAZ_TWR,\N,SAT_APP,HOU_CTR
KBBB,\N,\N,\N,\N,\N,MSP_CTR
KBBD,\N,\N,\N,\N,\N,HOU_CTR
KBBG,\N,\N,\N,\N,LIT_APP,MEM_CTR
KBBW,\N,\N,\N,\N,\N,DEN_CTR
KBCB,\N,\N,\N,\N,ROA_APP,\N
KBCT,\N,BCT_GND,BCT_TWR,\N,PBI_APP,MIA_CTR
KBDG,\N,\N,\N,\N,\N,DEN_CTR
KBDH,\N,\N,\N,\N,\N,MSP_CTR
KBDL,BDL_DEL,BDL_GND,BDL_TWR,LGA_DEP,BDL_APP,BOS_CTR
KBDR,\N,BDR_GND,BDR_TWR,\N,JFK_APP,NY_CTR
KBDU,\N,\N,\N,\N,\N,DEN_CTR
KBED,BED_DEL,BED_GND,BED_TWR,\N,BOS_APP,BOS_CTR
KBEH,\N,\N,\N,\N,SBN_APP,CHI_CTR
KBFF,\N,\N,\N,\N,\N,DEN_CTR
KBFI,BFI_DEL,BFI_GND,BFI_TWR,\N,SEA_APP,SEA_CTR
KBFL,\N,BFL_GND,BFL_TWR,\N,BFL_APP,LAX_CTR
KBFM,\N,BFM_GND,BFM_TWR,\N,MOB_APP,HOU_CTR
KBFR,\N,\N,\N,\N,\N,IND_CTR
KBGD,\N,\N,\N,\N,AMA_APP,\N
KBGE,\N,\N,\N,\N,TLH_APP,\N
KBGM,BGM_DEL,BGM_GND,BGM_TWR,\N,BGM_APP,NY_CTR
KBGR,BGR_DEL,BGR_GND,BGR_TWR,\N,BGR_APP,BOS_CTR
KBHB,\N,\N,\N,\N,BGR_APP,BOS_CTR
KBHM,BHM_DEL,BHM_GND,BHM_TWR,\N,BHM_APP,ATL_CTR
KBIE,\N,\N,\N,\N,\N,MSP_CTR
KBIF,\N,BIF_GND,BIF_TWR,\N,ELP_APP,ABQ_CTR
KBIL,\N,BIL_GND,BIL_TWR,\N,BIL_APP,SLC_CTR
KBIS,\N,BIS_GND,BIS_TWR,\N,BIS_APP,MSP_CTR
KBIX,\N,BIX_GND,BIX_TWR,\N,GPT_APP,HOU_CTR
KBJC,\N,BJC_GND,BJC_TWR,\N,DEN_APP,DEN_CTR
KBJI,\N,\N,\N,\N,\N,MSP_CTR
KBJJ,\N,\N,\N,\N,CMH_APP,\N
KBKD,\N,\N,\N,\N,REG_APP,FTW_CTR
KBKE,\N,\N,\N,\N,\N,SLC_CTR
KBKF,\N,BKF_GND,BKF_TWR,\N,DEN_APP,DEN_CTR
KBKL,\N,BKL_GND,BKL_TWR,\N,CLE_APP,\N
KBKT,\N,\N,\N,\N,\N,DC_CTR
KBKX,\N,\N,\N,\N,\N,MSP_CTR
KBLF,\N,\N,\N,\N,\N,IND_CTR
KBLH,\N,\N,\N,\N,\N,LAX_CTR
KBLI,\N,BLI_GND,BLI_TWR,\N,CYYJ_APP,SEA_CTR
KBLM,\N,\N,\N,\N,WRI_APP,NY_CTR
KBLU,\N,\N,\N,\N,\N,OAK_CTR
KBLV,\N,\N,BLV_TWR,\N,\N,\N
KBMG,\N,BMG_GND,BMG_TWR,\N,HUF_APP,IND_CTR
KBMI,\N,\N,BMI_TWR,\N,\N,CHI_CTR
KBMT,\N,\N,\N,\N,I90_APP,HOU_CTR
KBNA,BNA_DEL,BNA_GND,BNA_TWR,\N,BNA_APP,MEM_CTR
KBNG,\N,\N,\N,\N,\N,LAX_CTR
KBNW,\N,\N,\N,\N,DSM_APP,\N
KBOI,BOI_DEL,BOI_GND,BOI_TWR,\N,BOI_APP,SLC_CTR
KBOS,BOS_DEL,BOS_GND,BOS_TWR,\N,BOS_APP,BOS_CTR
KBOW,\N,\N,\N,\N,TPA_APP,\N
KBPG,\N,\N,\N,\N,\N,FTW_CTR
KBPK,\N,\N,\N,\N,LIT_APP,MEM_CTR
KBPT,BPT_DEL,BPT_GND,BPT_TWR,\N,I90_APP,HOU_CTR
KBQK,\N,\N,\N,\N,JAX_APP,JAX_CTR
KBRD,\N,\N,\N,\N,\N,MSP_CTR
KBRL,\N,\N,\N,\N,\N,CHI_CTR
KBRO,\N,BRO_GND,BRO_TWR,\N,VLY_APP,HOU_CTR
KBRY,\N,\N,\N,\N,SDF_APP,\N
KBTF,\N,\N,\N,\N,SLC_APP,\N
KBTL,\N,BTL_GND,BTL_TWR,\N,AZO_APP,CHI_CTR
KBTM,\N,\N,\N,\N,\N,SLC_CTR
KBTN,\N,\N,\N,\N,\N,MSP_CTR
KBTP,\N,\N,\N,\N,PIT_APP,\N
KBTR,BTR_DEL,BTR_GND,BTR_TWR,\N,BTR_APP,HOU_CTR
KBTV,BTV_DEL,BTV_GND,BTV_TWR,\N,BTV_APP,BOS_CTR
KBUB,\N,\N,\N,\N,\N,DEN_CTR
KBUR,BUR_DEL,BUR_GND,BUR_TWR,\N,BUR_APP,LAX_CTR
KBVI,\N,BVI_GND,BVI_TWR,\N,PIT_APP,\N
KBVS,\N,\N,\N,\N,NUW_APP,SEA_CTR
KBVX,\N,\N,\N,\N,LIT_APP,MEM_CTR
KBVY,\N,BVY_GND,BVY_TWR,\N,BOS_APP,BOS_CTR
KBWC,\N,\N,\N,\N,\N,LAX_CTR
KBWD,\N,\N,\N,\N,\N,FTW_CTR
KBWG,\N,\N,\N,\N,\N,MEM_CTR
KBWI,BWI_DEL,BWI_GND,BWI_TWR,\N,PCT_APP,DC_CTR
KBWP,\N,\N,\N,\N,\N,MSP_CTR
KBXA,\N,\N,\N,\N,\N,HOU_CTR
KBXK,\N,\N,\N,\N,PHX_APP,ABQ_CTR
KBXM,\N,\N,\N,\N,\N,BOS_CTR
KBYH,\N,\N,\N,\N,MEM_APP,MEM_CTR
KBYI,\N,\N,\N,\N,TWF_APP,SLC_CTR
KBYS,\N,\N,\N,\N,\N,LAX_CTR
KBYY,\N,\N,\N,\N,I90_APP,HOU_CTR
KBZN,\N,BZN_GND,BZN_TWR,\N,BZN_APP,SLC_CTR
KCAD,\N,\N,\N,\N,\N,MSP_CTR
KCAE,CAE_DEL,CAE_GND,CAE_TWR,\N,CAE_APP,JAX_CTR
KCAG,\N,\N,\N,\N,\N,DEN_CTR
KCAK,\N,CAK_GND,CAK_TWR,\N,\N,\N
KCAO,\N,\N,\N,\N,ABQ_APP,\N
KCAR,\N,\N,\N,\N,\N,BOS_CTR
KCBF,\N,\N,\N,\N,LNK_APP,\N
KCBK,\N,\N,\N,\N,\N,DEN_CTR
KCBM,\N,CBM_GND,CBM_TWR,\N,CBM_APP,MEM_CTR
KCCB,\N,\N,\N,\N,BUR_APP,LAX_CTR
KCCR,\N,CCR_GND,CCR_TWR,\N,SUU_APP,OAK_CTR
KCDA,\N,\N,\N,\N,ACK_APP,\N
KCDH,\N,\N,\N,\N,LIT_APP,\N
KCDN,\N,\N,\N,\N,SSC_APP,\N
KCDR,\N,\N,\N,\N,\N,DEN_CTR
KCDS,\N,\N,\N,\N,\N,FTW_CTR
KCDW,\N,\N,\N,LGA_DEP,JFK_APP,NY_CTR
KCEC,\N,\N,\N,\N,\N,SEA_CTR
KCEU,\N,\N,\N,\N,GSP_APP,ATL_CTR
KCEW,\N,\N,\N,\N,VPS_APP,JAX_CTR
KCEY,\N,\N,\N,\N,\N,MEM_CTR
KCEZ,\N,\N,\N,\N,\N,DEN_CTR
KCFD,\N,\N,\N,\N,I90_APP,HOU_CTR
KCFT,\N,\N,\N,\N,PHX_APP,ABQ_CTR
KCGE,\N,\N,\N,\N,NHK_APP,DC_CTR
KCGF,\N,CGF_GND,CGF_TWR,\N,CLE_APP,\N
KCGI,\N,CGI_GND,CGI_TWR,\N,MEM_APP,MEM_CTR
KCGS,\N,\N,\N,\N,PCT_APP,DC_CTR
KCGZ,\N,\N,\N,\N,PHX_APP,ABQ_CTR
KCHA,CHA_DEL,CHA_GND,CHA_TWR,\N,CHA_APP,ATL_CTR
KCHK,\N,\N,\N,\N,OKC_APP,FTW_CTR
KCHO,\N,CHO_GND,CHO_TWR,\N,RIC_APP,DC_CTR
KCHS,CHS_DEL,CHS_GND,CHS_TWR,\N,CHS_APP,JAX_CTR
KCIC,\N,\N,\N,\N,\N,OAK_CTR
KCID,CID_DEL,CID_GND,CID_TWR,\N,CID_APP,CHI_CTR
KCIN,\N,\N,\N,\N,\N,MSP_CTR
KCIR,\N,\N,\N,\N,MEM_APP,MEM_CTR
KCIU,\N,\N,\N,\N,\N,TOR_CTR
KCKA,\N,\N,\N,\N,\N,FTW_CTR
KCKB,\N,CKB_GND,CKB_TWR,\N,\N,\N
KCKM,\N,\N,\N,\N,MEM_APP,MEM_CTR
KCKN,\N,\N,\N,\N,RDR_APP,\N
KCLE,CLE_DEL,CLE_GND,CLE_TWR,\N,CLE_APP,\N
KCLI,\N,\N,\N,\N,GRB_APP,\N
KCLK,\N,\N,\N,\N,\N,FTW_CTR
KCLL,\N,CLL_GND,CLL_TWR,\N,I90_APP,HOU_CTR
KCLM,\N,\N,\N,\N,NUW_APP,SEA_CTR
KCLS,\N,\N,\N,\N,SEA_APP,SEA_CTR
KCLT,CLT_DEL,CLT_GND,CLT_TWR,\N,CLT_APP,ATL_CTR
KCLW,\N,\N,\N,\N,TPA_APP,\N
KCMH,CMH_DEL,CMH_GND,CMH_TWR,\N,CMH_APP,IND_CTR
KCMI,CMI_DEL,CMI_GND,CMI_TWR,\N,CMI_APP,CHI_CTR
KCMX,\N,\N,\N,\N,\N,MSP_CTR
KCMY,\N,\N,\N,\N,VOK_APP,\N
KCNH,\N,\N,\N,\N,\N,BOS_CTR
KCNO,\N,\N,\N,\N,BUR_APP,LAX_CTR
KCNW,\N,\N,\N,\N,REG_APP,\N
KCNY,\N,\N,\N,\N,\N,DEN_CTR
KCOD,\N,\N,\N,\N,\N,SLC_CTR
KCOE,\N,\N,\N,\N,GEG_APP,SEA_CTR
KCOF,COF_DEL,COF_GND,COF_TWR,\N,MCO_APP,JAX_CTR
KCOI,\N,\N,\N,\N,MCO_APP,\N
KCOM,\N,\N,\N,\N,\N,FTW_CTR
KCON,\N,\N,\N,\N,MHT_APP,BOS_CTR
KCOS,\N,COS_GND,COS_TWR,\N,COS_APP,DEN_CTR
KCOT,\N,\N,\N,\N,\N,HOU_CTR
KCOU,\N,\N,COU_TWR,\N,\N,\N
KCPM,\N,\N,\N,\N,\N,LAX_CTR
KCPR,\N,CPR_GND,CPR_TWR,\N,CPR_APP,DEN_CTR
KCRE,\N,CRE_GND,CRE_TWR,\N,MYR_APP,JAX_CTR
KCRG,CRG_DEL,CRG_GND,CRG_TWR,\N,JAX_APP,JAX_CTR
KCRP,CRP_DEL,CRP_GND,CRP_TWR,\N,CRP_APP,HOU_CTR
KCRQ,CRQ_DEL,CRQ_GND,CRQ_TWR,\N,SAN_APP,LAX_CTR
KCRS,\N,\N,\N,\N,REG_APP,FTW_CTR
KCRT,\N,\N,\N,\N,LIT_APP,MEM_CTR
KCRW,\N,\N,\N,\N,\N,IND_CTR
KCRX,\N,\N,\N,\N,MEM_APP,MEM_CTR
KCSG,\N,CSG_GND,CSG_TWR,\N,ATL_APP,ATL_CTR
KCSM,\N,\N,\N,\N,\N,FTW_CTR
KCSQ,\N,\N,\N,\N,\N,MSP_CTR
KCSV,\N,\N,\N,\N,\N,ATL_CTR
KCTY,\N,\N,\N,\N,JAX_APP,JAX_CTR
KCTZ,\N,\N,\N,\N,FAY_APP,\N
KCUB,\N,\N,\N,\N,CAE_APP,JAX_CTR
KCVG,CVG_DEL,CVG_GND,CVG_TWR,\N,CVG_APP,IND_CTR
KCVH,\N,\N,\N,\N,NCT_APP,OAK_CTR
KCVK,\N,\N,\N,\N,LIT_APP,MEM_CTR
KCVN,\N,\N,\N,\N,CVS_APP,\N
KCVO,\N,\N,\N,\N,EUG_APP,SEA_CTR
KCVS,\N,CVS_GND,CVS_TWR,\N,CVS_APP,ABQ_CTR
KCWA,\N,CWA_GND,CWA_TWR,\N,\N,MSP_CTR
KCWC,\N,\N,\N,\N,SPS_APP,FTW_CTR
KCWF,\N,\N,\N,\N,LCH_APP,HOU_CTR
KCWI,\N,\N,\N,\N,MLI_APP,CHI_CTR
KCXO,\N,CXO_GND,CXO_TWR,\N,I90_APP,HOU_CTR
KCXP,\N,\N,\N,\N,\N,OAK_CTR
KCXY,\N,\N,\N,\N,MDT_APP,\N
KCYS,\N,CYS_GND,CYS_TWR,\N,CYS_APP,DEN_CTR
KCZK,\N,\N,\N,\N,\N,SEA_CTR
KCZT,\N,\N,\N,\N,\N,HOU_CTR
KDAA,\N,DAA_GND,DAA_TWR,\N,PCT_APP,DC_CTR
KDAB,DAB_DEL,DAB_GND,DAB_TWR,\N,DAB_APP,JAX_CTR
KDAG,\N,\N,\N,\N,\N,LAX_CTR
KDAL,DAL_DEL,DAL_GND,DAL_TWR,\N,REG_APP,FTW_CTR
KDAN,\N,\N,\N,\N,\N,DC_CTR
KDAY,DAY_DEL,DAY_GND,DAY_TWR,\N,DAY_APP,IND_CTR
KDBN,\N,\N,\N,\N,ATL_APP,\N
KDBQ,\N,DBQ_GND,DBQ_TWR,\N,\N,CHI_CTR
KDCA,DCA_DEL,DCA_GND,DCA_TWR,\N,PCT_APP,DC_CTR
KDCU,\N,\N,\N,\N,HSV_APP,\N
KDEC,\N,DEC_GND,DEC_TWR,\N,CMI_APP,CHI_CTR
KDEH,\N,\N,\N,\N,\N,MSP_CTR
KDEN,\N,DEN_GND,DEN_TWR,\N,DEN_APP,DEN_CTR
KDFW,DFW_DEL,DFW_GND,DFW_TWR,\N,REG_APP,FTW_CTR
KDGL,\N,\N,\N,\N,\N,ABQ_CTR
KDGW,\N,\N,\N,\N,\N,DEN_CTR
KDHN,\N,DHN_GND,DHN_TWR,\N,OZR_APP,JAX_CTR
KDIK,\N,\N,\N,\N,RDR_APP,MSP_CTR
KDLF,\N,DLF_GND,DLF_TWR,\N,DRT_APP,HOU_CTR
KDLH,\N,DLH_GND,DLH_TWR,\N,DLH_APP,MSP_CTR
KDLN,\N,\N,\N,\N,\N,SLC_CTR
KDLS,\N,\N,\N,\N,\N,SEA_CTR
KDMA,\N,DMA_GND,DMA_TWR,TUS_DEP,TUS_APP,ABQ_CTR
KDNL,\N,\N,\N,\N,AGS_APP,\N
KDNN,\N,\N,\N,\N,CHA_APP,ATL_CTR
KDNS,\N,\N,\N,\N,\N,MSP_CTR
KDNV,\N,\N,\N,\N,CMI_APP,\N
KDOV,DOV_DEL,DOV_GND,DOV_TWR,\N,DOV_APP,DC_CTR
KDPA,DPA_DEL,DPA_GND,DPA_TWR,\N,CHI_APP,CHI_CTR
KDRA,\N,\N,\N,\N,\N,LAX_CTR
KDRI,\N,\N,\N,\N,POE_APP,\N
KDRM,\N,\N,\N,\N,\N,TOR_CTR
KDRO,\N,\N,\N,\N,\N,DEN_CTR
KDSM,DSM_DEL,DSM_GND,DSM_TWR,\N,DSM_APP,MSP_CTR
KDTL,\N,\N,\N,\N,\N,MSP_CTR
KDTS,\N,DTS_GND,DTS_TWR,\N,VPS_APP,JAX_CTR
KDTW,DTW_DEL,DTW_GND,DTW_TWR,\N,DTW_APP,CLE_CTR
KDUA,\N,\N,\N,\N,REG_APP,FTW_CTR
KDUC,\N,\N,\N,\N,FSI_APP,FTW_CTR
KDUG,\N,\N,\N,\N,PHX_APP,ABQ_CTR
KDVN,\N,\N,\N,\N,MLI_APP,CHI_CTR
KDVO,\N,\N,\N,\N,NCT_APP,OAK_CTR
KDVP,\N,\N,\N,\N,MSP_APP,MSP_CTR
KDVT,\N,\N,\N,\N,PHX_APP,ABQ_CTR
KDWH,\N,\N,\N,\N,I90_APP,HOU_CTR
KDXR,\N,DXR_GND,DXR_TWR,LGA_DEP,LGA_APP,NY_CTR
KDYL,\N,\N,\N,\N,PHL_APP,NY_CTR
KDYS,\N,DYS_GND,DYS_TWR,\N,ABI_APP,FTW_CTR
KEAN,\N,\N,\N,\N,\N,DEN_CTR
KEAR,\N,\N,\N,\N,\N,MSP_CTR
KEAT,\N,\N,\N,\N,SEA_APP,SEA_CTR
KEAU,\N,EAU_GND,EAU_TWR,\N,MSP_APP,MSP_CTR
KEBS,\N,\N,\N,\N,\N,MSP_CTR
KECG,\N,ECG_GND,ECG_TWR,\N,ORF_APP,DC_CTR
KECP,\N,ECP_GND,ECP_TWR,\N,TYN_APP,JAX_CTR
KECS,\N,\N,\N,\N,\N,DEN_CTR
KEDE,\N,\N,\N,\N,ORF_APP,DC_CTR
KEDN,\N,\N,\N,\N,OZR_APP,\N
KEDW,\N,EDW_GND,EDW_TWR,\N,EDW_APP,LAX_CTR
KEED,\N,\N,\N,\N,\N,LAX_CTR
KEEN,\N,\N,\N,\N,\N,BOS_CTR
KEFD,\N,EFD_GND,EFD_TWR,\N,I90_APP,HOU_CTR
KEFW,\N,\N,\N,\N,\N,MSP_CTR
KEGE,\N,EGE_GND,EGE_TWR,\N,\N,DEN_CTR
KEGI,\N,EGI_GND,EGI_TWR,\N,VPS_APP,JAX_CTR
KEGV,\N,\N,\N,\N,\N,MSP_CTR
KEKM,\N,\N,\N,\N,SBN_APP,CHI_CTR
KEKO,\N,\N,\N,\N,\N,SLC_CTR
KEKX,\N,\N,\N,\N,SDF_APP,\N
KELA,\N,\N,\N,\N,I90_APP,HOU_CTR
KELD,\N,\N,\N,\N,LIT_APP,\N
KELK,\N,\N,\N,\N,\N,FTW_CTR
KELM,\N,ELM_GND,ELM_TWR,\N,ELM_APP,NY_CTR
KELN,\N,\N,\N,\N,SEA_APP,SEA_CTR
KELP,ELP_DEL,ELP_GND,ELP_TWR,\N,ELP_APP,ABQ_CTR
KELY,\N,\N,\N,\N,\N,SLC_CTR
KEMM,\N,\N,\N,\N,\N,SLC_CTR
KEMT,\N,\N,\N,\N,BUR_APP,LAX_CTR
KEND,\N,\N,END_TWR,\N,\N,FTW_CTR
KENV,\N,\N,\N,\N,\N,SLC_CTR
KENW,\N,ENW_GND,ENW_TWR,\N,MKE_APP,CHI_CTR
KEOS,\N,\N,\N,\N,LIT_APP,MEM_CTR
KEPH,\N,\N,\N,\N,MWH_APP,SEA_CTR
KERI,\N,ERI_GND,ERI_TWR,\N,\N,\N
KERV,\N,\N,\N,\N,\N,HOU_CTR
KESC,\N,\N,\N,\N,\N,MSP_CTR
KESF,\N,\N,\N,\N,POE_APP,\N
KESN,\N,\N,\N,\N,PCT_APP,DC_CTR
KEST,\N,\N,\N,\N,\N,MSP_CTR
KESW,\N,\N,\N,\N,SEA_APP,SEA_CTR
KETB,\N,\N,\N,\N,MKE_APP,\N
KEUF,\N,\N,\N,\N,ATL_APP,\N
KEUG,\N,EUG_GND,EUG_TWR,\N,EUG_APP,SEA_CTR
KEVM,\N,\N,\N,\N,DLH_APP,\N
KEVV,EVV_DEL,EVV_GND,EVV_TWR,\N,EVV_APP,IND_CTR
KEVW,\N,\N,\N,\N,\N,SLC_CTR
KEWB,\N,EWB_GND,EWB_TWR,\N,PVD_APP,BOS_CTR
KEWN,\N,EWN_GND,EWN_TWR,\N,NKT_APP,DC_CTR
KEWR,EWR_DEL,EWR_GND,EWR_TWR,EWR_DEP,EWR_APP,NY_CTR
KEYW,\N,EYW_GND,EYW_TWR,\N,NQX_APP,MIA_CTR
KFAF,\N,FAF_GND,FAF_TWR,\N,ORF_APP,DC_CTR
KFAM,\N,\N,\N,\N,\N,MEM_CTR
KFAR,\N,FAR_GND,FAR_TWR,\N,FAR_APP,MSP_CTR
KFAT,FAT_DEL,FAT_GND,FAT_TWR,\N,FAT_APP,OAK_CTR
KFAY,\N,FAY_GND,FAY_TWR,\N,FAY_APP,DC_CTR
KFBG,\N,FBG_GND,FBG_TWR,\N,FAY_APP,DC_CTR
KFBL,\N,\N,\N,\N,MSP_APP,MSP_CTR
KFBY,\N,\N,\N,\N,\N,MSP_CTR
KFCH,\N,\N,\N,\N,NCT_APP,\N
KFCI,\N,\N,\N,\N,PCT_APP,DC_CTR
KFCM,\N,\N,\N,\N,MSP_APP,MSP_CTR
KFCS,\N,FCS_GND,FCS_TWR,\N,COS_APP,DEN_CTR
KFCY,\N,\N,\N,\N,MEM_APP,MEM_CTR
KFDK,\N,\N,\N,\N,PCT_APP,DC_CTR
KFDR,\N,\N,\N,\N,LTS_APP,FTW_CTR
KFDY,\N,\N,\N,\N,CMH_APP,\N
KFEP,\N,\N,\N,\N,RFD_APP,CHI_CTR
KFET,\N,\N,\N,\N,LNK_APP,MSP_CTR
KFFA,\N,\N,\N,\N,ORF_APP,DC_CTR
KFFL,\N,\N,\N,\N,\N,CHI_CTR
KFFM,\N,\N,\N,\N,\N,MSP_CTR
KFFO,\N,FFO_GND,FFO_TWR,\N,DAY_APP,IND_CTR
KFFT,\N,\N,\N,\N,LEX_APP,IND_CTR
KFFZ,\N,\N,\N,\N,PHX_APP,ABQ_CTR
KFHR,\N,\N,\N,\N,NUW_APP,SEA_CTR
KFHU,\N,FHU_GND,FHU_TWR,\N,FHU_APP,ABQ_CTR
KFKN,\N,\N,\N,\N,ORF_APP,DC_CTR
KFLD,\N,\N,\N,\N,\N,CHI_CTR
KFLG,\N,FLG_GND,FLG_TWR,PHX_DEP,PRC_APP,ABQ_CTR
KFLL,\N,FLL_GND,FLL_TWR,\N,MIA_APP,MIA_CTR
KFLP,\N,\N,\N,\N,LIT_APP,MEM_CTR
KFME,\N,\N,\N,\N,PCT_APP,DC_CTR
KFMH,\N,\N,\N,\N,\N,BOS_CTR
KFMN,\N,FMN_GND,FMN_TWR,\N,ABQ_APP,DEN_CTR
KFMY,\N,FMY_GND,FMY_TWR,\N,RSW_APP,MIA_CTR
KFNL,\N,FNL_GND,FNL_TWR,\N,DEN_APP,DEN_CTR
KFNT,FNT_DEL,FNT_GND,FNT_TWR,\N,\N,\N
KFOD,\N,\N,\N,\N,\N,MSP_CTR
KFOE,\N,\N,FOE_TWR,\N,\N,\N
KFOK,\N,\N,\N,\N,JFK_APP,\N
KFPR,\N,FPR_GND,FPR_TWR,\N,PBI_APP,MIA_CTR
KFRG,FRG_DEL,FRG_GND,FRG_TWR,\N,JFK_APP,NY_CTR
KFRH,\N,\N,\N,\N,SDF_APP,IND_CTR
KFRM,\N,\N,\N,\N,\N,MSP_CTR
KFRR,\N,\N,\N,\N,PCT_APP,DC_CTR
KFSD,\N,FSD_GND,FSD_TWR,\N,FSD_APP,MSP_CTR
KFSI,\N,FSI_GND,FSI_TWR,\N,FSI_APP,FTW_CTR
KFSK,\N,\N,\N,\N,LIT_APP,\N
KFSM,\N,\N,FSM_TWR,\N,FSM_APP,MEM_CTR
KFSU,\N,\N,\N,\N,\N,ABQ_CTR
KFSW,\N,\N,\N,\N,\N,CHI_CTR
KFTK,\N,FTK_GND,FTK_TWR,\N,SDF_APP,IND_CTR
KFTW,FTW_DEL,FTW_GND,FTW_TWR,\N,REG_APP,FTW_CTR
KFTY,\N,FTY_GND,FTY_TWR,\N,ATL_APP,ATL_CTR
KFUL,\N,\N,\N,\N,BUR_APP,LAX_CTR
KFVE,\N,\N,\N,\N,\N,BOS_CTR
KFWA,FWA_DEL,FWA_GND,FWA_TWR,\N,FWA_APP,CHI_CTR
KFXE,\N,FXE_GND,FXE_TWR,\N,MIA_APP,MIA_CTR
KFXY,\N,\N,\N,\N,\N,MSP_CTR
KFYM,\N,\N,\N,\N,HSV_APP,MEM_CTR
KFYV,\N,\N,FYV_TWR,\N,FYV_APP,MEM_CTR
KGAB,\N,\N,\N,\N,NCT_APP,\N
KGAD,\N,\N,\N,\N,BHM_APP,\N
KGAI,\N,\N,\N,\N,PCT_APP,DC_CTR
KGBG,\N,\N,\N,\N,MLI_APP,CHI_CTR
KGBR,\N,\N,\N,\N,ALB_APP,\N
KGCC,\N,\N,\N,\N,\N,DEN_CTR
KGCK,\N,\N,GCK_TWR,\N,\N,\N
KGCN,\N,GCN_GND,GCN_TWR,\N,\N,LAX_CTR
KGCY,\N,\N,\N,\N,TRI_APP,\N
KGDM,\N,\N,\N,\N,\N,BOS_CTR
KGED,\N,\N,\N,\N,DOV_APP,\N
KGEG,GEG_DEL,GEG_GND,GEG_TWR,\N,GEG_APP,SEA_CTR
KGEY,\N,\N,\N,\N,\N,SLC_CTR
KGFK,\N,GFK_GND,GFK_TWR,\N,RDR_APP,MSP_CTR
KGFL,\N,\N,\N,\N,ALB_APP,BOS_CTR
KGGE,\N,\N,\N,\N,MYR_APP,\N
KGGG,\N,GGG_GND,GGG_TWR,\N,GGG_APP,FTW_CTR
KGGW,\N,\N,\N,\N,\N,SLC_CTR
KGHM,\N,\N,\N,\N,\N,MEM_CTR
KGIF,\N,\N,\N,\N,TPA_APP,\N
KGJT,\N,GJT_GND,GJT_TWR,\N,GJT_APP,DEN_CTR
KGKT,\N,\N,\N,\N,TYS_APP,ATL_CTR
KGLD,\N,\N,\N,\N,\N,DEN_CTR
KGLE,\N,\N,\N,\N,REG_APP,FTW_CTR
KGLH,\N,\N,GLH_TWR,\N,\N,MEM_CTR
KGLR,\N,\N,\N,\N,\N,MSP_CTR
KGLS,\N,GLS_GND,GLS_TWR,\N,I90_APP,HOU_CTR
KGLW,\N,\N,\N,\N,\N,MEM_CTR
KGMU,\N,GMU_GND,GMU_TWR,\N,GSP_APP,ATL_CTR
KGNG,\N,\N,\N,\N,\N,SLC_CTR
KGNV,\N,GNV_GND,GNV_TWR,\N,JAX_APP,JAX_CTR
KGOK,\N,\N,\N,\N,OKC_APP,FTW_CTR
KGON,\N,GON_GND,GON_TWR,\N,PVD_APP,BOS_CTR
KGPI,\N,GPI_GND,GPI_TWR,\N,GTF_APP,SLC_CTR
KGPT,\N,GPT_GND,GPT_TWR,\N,GPT_APP,HOU_CTR
KGPZ,\N,\N,\N,\N,\N,MSP_CTR
KGQQ,\N,\N,\N,\N,CMH_APP,\N
KGRB,GRB_DEL,GRB_GND,GRB_TWR,\N,GRB_APP,MSP_CTR
KGRD,\N,\N,\N,\N,GSP_APP,\N
KGRF,\N,GRF_GND,GRF_TWR,\N,SEA_APP,SEA_CTR
KGRI,\N,GRI_GND,GRI_TWR,\N,\N,MSP_CTR
KGRK,GRK_DEL,GRK_GND,GRK_TWR,\N,GRK_APP,FTW_CTR
KGRN,\N,\N,\N,\N,\N,DEN_CTR
KGRR,GRR_DEL,GRR_GND,GRR_TWR,\N,AZO_APP,CHI_CTR
KGSB,\N,GSB_GND,GSB_TWR,\N,GSB_APP,DC_CTR
KGSH,\N,\N,\N,\N,SBN_APP,\N
KGSO,GSO_DEL,GSO_GND,GSO_TWR,\N,GSO_APP,ATL_CTR
KGSP,\N,GSP_GND,GSP_TWR,\N,GSP_APP,ATL_CTR
KGTF,\N,GTF_GND,GTF_TWR,\N,GTF_APP,SLC_CTR
KGTG,\N,\N,\N,\N,MSP_APP,MSP_CTR
KGTR,\N,\N,GTR_TWR,\N,CBM_APP,MEM_CTR
KGUC,\N,\N,\N,\N,\N,DEN_CTR
KGUS,\N,GUS_GND,GUS_TWR,\N,GUS_APP,CHI_CTR
KGVE,\N,\N,\N,\N,PCT_APP,DC_CTR
KGVL,\N,\N,\N,\N,ATL_APP,ATL_CTR
KGVT,\N,\N,\N,\N,REG_APP,FTW_CTR
KGWO,\N,\N,GWO_TWR,\N,\N,MEM_CTR
KGWS,\N,\N,\N,\N,DEN_APP,DEN_CTR
KGXY,\N,\N,\N,\N,DEN_APP,DEN_CTR
KGYH,\N,\N,\N,\N,GSP_APP,\N
KGYI,\N,GYI_GND,GYI_TWR,\N,REG_APP,FTW_CTR
KGYR,\N,\N,\N,\N,PHX_APP,ABQ_CTR
KHAB,\N,\N,\N,\N,\N,MEM_CTR
KHAF,\N,\N,\N,\N,NCT_APP,OAK_CTR
KHAI,\N,\N,\N,\N,\N,CHI_CTR
KHAO,\N,\N,\N,\N,CVG_APP,IND_CTR
KHBG,\N,\N,\N,\N,\N,HOU_CTR
KHBR,\N,\N,\N,\N,LTS_APP,FTW_CTR
KHDE,\N,\N,\N,\N,\N,DEN_CTR
KHDN,\N,\N,\N,\N,DEN_APP,DEN_CTR
KHEE,\N,\N,\N,\N,MEM_APP,MEM_CTR
KHEF,\N,HEF_GND,HEF_TWR,\N,PCT_APP,DC_CTR
KHEZ,\N,\N,\N,\N,\N,HOU_CTR
KHFD,\N,HFD_GND,HFD_TWR,\N,BDL_APP,BOS_CTR
KHFF,\N,\N,\N,\N,FAY_APP,\N
KHGR,\N,\N,\N,\N,PCT_APP,DC_CTR
KHHR,\N,HHR_GND,HHR_TWR,LAX_DEP,BUR_APP,LAX_CTR
KHHW,\N,\N,\N,\N,REG_APP,\N
KHIB,\N,\N,\N,\N,MSP_APP,MSP_CTR
KHIE,\N,\N,\N,\N,\N,BOS_CTR
KHIF,\N,\N,\N,\N,SLC_APP,SLC_CTR
KHII,\N,\N,\N,\N,\N,LAX_CTR
KHIO,\N,HIO_GND,HIO_TWR,\N,PDX_APP,SEA_CTR
KHKA,\N,\N,\N,\N,MEM_APP,MEM_CTR
KHKS,\N,\N,\N,\N,JAN_APP,\N
KHKY,\N,HKY_GND,HKY_TWR,\N,\N,ATL_CTR
KHLB,\N,\N,\N,\N,\N,IND_CTR
KHLG,\N,HLG_GND,HLG_TWR,\N,PIT_APP,\N
KHLN,\N,HLN_GND,HLN_TWR,\N,HLN_APP,SLC_CTR
KHLR,\N,\N,\N,\N,GRK_APP,\N
KHMN,\N,HMN_GND,HMN_TWR,HMN_DEP,HMN_APP,ABQ_CTR
KHMT,\N,\N,\N,\N,RIV_APP,LAX_CTR
KHNB,\N,\N,\N,\N,SDF_APP,\N
KHND,\N,\N,\N,\N,LAS_APP,LAX_CTR
KHOB,\N,HOB_GND,HOB_TWR,\N,\N,FTW_CTR
KHON,\N,\N,\N,\N,\N,MSP_CTR
KHOT,\N,\N,\N,\N,LIT_APP,MEM_CTR
KHOU,HOU_DEL,HOU_GND,HOU_TWR,\N,I90_APP,HOU_CTR
KHPN,HPN_DEL,HPN_GND,HPN_TWR,LGA_DEP,LGA_APP,NY_CTR
KHPT,\N,\N,\N,\N,\N,MSP_CTR
KHPY,\N,\N,\N,\N,I90_APP,HOU_CTR
KHQM,\N,\N,\N,\N,SEA_APP,SEA_CTR
KHRL,\N,HRL_GND,HRL_TWR,\N,VLY_APP,HOU_CTR
KHRO,\N,\N,\N,\N,LIT_APP,MEM_CTR
KHSE,\N,\N,\N,\N,ORF_APP,DC_CTR
KHSI,\N,\N,\N,\N,\N,MSP_CTR
KHSP,\N,\N,\N,\N,\N,DC_CTR
KHST,\N,HST_GND,HST_TWR,\N,MIA_APP,MIA_CTR
KHSV,HSV_DEL,HSV_GND,HSV_TWR,\N,HSV_APP,\N
KHTH,\N,\N,\N,\N,NCT_APP,OAK_CTR
KHTL,\N,\N,\N,\N,\N,MSP_CTR
KHTS,HTS_DEL,HTS_GND,HTS_TWR,\N,HTS_APP,IND_CTR
KHTW,\N,\N,\N,\N,CMH_APP,IND_CTR
KHUA,\N,\N,\N,\N,HSV_APP,\N
KHUL,\N,\N,\N,\N,\N,BOS_CTR
KHUM,\N,\N,\N,\N,MSY_APP,HOU_CTR
KHUT,\N,\N,HUT_TWR,\N,\N,\N
KHVN,\N,HVN_GND,HVN_TWR,\N,JFK_APP,NY_CTR
KHVS,\N,\N,\N,\N,SSC_APP,\N
KHWD,\N,\N,\N,\N,NCT_APP,OAK_CTR
KHWO,\N,\N,\N,\N,MIA_APP,MIA_CTR
KHWV,\N,\N,\N,\N,JFK_APP,\N
KHXD,HXD_DEL,HXD_GND,HXD_TWR,\N,SAV_APP,JAX_CTR
KHYA,HYA_DEL,HYA_GND,HYA_TWR,\N,ACK_APP,BOS_CTR
KHYR,\N,\N,\N,\N,MSP_APP,MSP_CTR
KHZL,\N,\N,\N,\N,AVP_APP,NY_CTR
KIAB,\N,\N,IAB_TWR,\N,\N,\N
KIAD,IAD_DEL,IAD_GND,IAD_TWR,\N,PCT_APP,DC_CTR
KIAG,\N,IAG_GND,IAG_TWR,\N,\N,\N
KIAH,IAH_DEL,IAH_GND,IAH_TWR,\N,I90_APP,HOU_CTR
KICL,\N,\N,\N,\N,\N,MSP_CTR
KICT,\N,\N,ICT_TWR,\N,\N,\N
KIDA,\N,IDA_GND,IDA_TWR,\N,\N,SLC_CTR
KIDG,\N,\N,\N,\N,\N,MSP_CTR
KIDI,\N,\N,\N,\N,PIT_APP,\N
KIEN,\N,\N,\N,\N,\N,DEN_CTR
KIFP,\N,IFP_GND,IFP_TWR,\N,\N,LAX_CTR
KIGM,\N,\N,\N,\N,\N,LAX_CTR
KIKK,\N,\N,\N,\N,\N,CHI_CTR
KILE,\N,\N,\N,\N,GRK_APP,\N
KILG,ILG_DEL,ILG_GND,ILG_TWR,\N,PHL_APP,NY_CTR
KILM,\N,ILM_GND,ILM_TWR,\N,ILM_APP,DC_CTR
KILN,ILN_DEL,ILN_GND,ILN_TWR,\N,DAY_APP,IND_CTR
KIML,\N,\N,\N,\N,DEN_APP,DEN_CTR
KIMM,\N,\N,\N,\N,RSW_APP,MIA_CTR
KIMS,\N,\N,\N,\N,SDF_APP,IND_CTR
KIMT,\N,\N,\N,\N,\N,MSP_CTR
KIND,IND_DEL,IND_GND,IND_TWR,IND_DEP,\N,IND_CTR
KINK,\N,\N,\N,\N,\N,FTW_CTR
KINL,\N,\N,\N,\N,\N,MSP_CTR
KINS,\N,\N,\N,\N,\N,LAX_CTR
KINT,\N,INT_GND,INT_TWR,\N,GSO_APP,ATL_CTR
KINW,\N,\N,\N,\N,PHX_APP,\N
KIOW,\N,\N,\N,\N,CID_APP,CHI_CTR
KIPL,\N,\N,\N,\N,NYL_APP,LAX_CTR
KIPT,\N,IPT_GND,IPT_TWR,\N,\N,NY_CTR
KIRS,\N,\N,\N,\N,\N,CHI_CTR
KISM,\N,ISM_GND,ISM_TWR,\N,MCO_APP,JAX_CTR
KISO,\N,ISO_GND,ISO_TWR,\N,GSB_APP,DC_CTR
KISP,ISP_DEL,ISP_GND,ISP_TWR,\N,JFK_APP,NY_CTR
KISQ,\N,\N,\N,\N,GRB_APP,\N
KISW,\N,\N,\N,\N,\N,MSP_CTR
KITH,\N,ITH_GND,ITH_TWR,\N,ELM_APP,NY_CTR
KIWA,IWA_DEL,IWA_GND,IWA_TWR,PHX_DEP,PHX_APP,ABQ_CTR
KIWD,\N,\N,\N,\N,MSP_APP,MSP_CTR
KIWI,\N,\N,\N,\N,\N,BOS_CTR
KIWS,\N,\N,\N,\N,I90_APP,HOU_CTR
KIYK,\N,\N,\N,\N,EDW_APP,LAX_CTR
KIZA,\N,\N,\N,\N,SBA_APP,LAX_CTR
KIZG,\N,\N,\N,\N,PDX_APP,BOS_CTR
KJAC,\N,JAC_GND,JAC_TWR,\N,\N,SLC_CTR
KJAN,\N,JAN_GND,JAN_TWR,\N,JAN_APP,MEM_CTR
KJAS,\N,\N,\N,\N,\N,HOU_CTR
KJAX,JAX_DEL,JA_GND,JAX_TWR,\N,JAX_APP,JAX_CTR
KJBR,\N,\N,\N,\N,MEM_APP,MEM_CTR
KJCT,\N,\N,\N,\N,\N,HOU_CTR
KJEF,\N,\N,\N,\N,LIT_APP,\N
KJFK,JFK_DEL,JFK_GND,JFK_TWR,JFK_DEP,JFK_APP,NY_CTR
KJKA,\N,\N,\N,\N,PNS_APP,\N
KJLN,\N,\N,JLN_TWR,\N,LIT_APP,\N
KJMS,\N,\N,\N,\N,\N,MSP_CTR
KJOT,\N,\N,\N,\N,CHI_APP,CHI_CTR
KJQF,JQF_DEL,JQF_GND,JQF_TWR,\N,CLT_APP,ATL_CTR
KJSO,\N,\N,\N,\N,GGG_APP,\N
KJST,\N,JST_GND,JST_TWR,\N,PIT_APP,\N
KJVL,\N,\N,\N,\N,RFD_APP,CHI_CTR
KJXN,\N,JXN_GND,JXN_TWR,\N,\N,\N
KKIC,\N,\N,\N,\N,NCT_APP,\N
KKLS,\N,\N,\N,\N,SEA_APP,SEA_CTR
KKNB,\N,\N,\N,\N,\N,LAX_CTR
KLAA,\N,\N,\N,\N,\N,DEN_CTR
KLAF,\N,LAF_GND,LAF_TWR,\N,GUS_APP,CHI_CTR
KLAL,\N,LAL_GND,LAL_TWR,\N,TPA_APP,MIA_CTR
KLAN,LAN_DEL,LAN_GND,LAN_TWR,\N,\N,\N
KLAR,\N,\N,\N,\N,DEN_APP,DEN_CTR
KLAS,LAS_DEL,LAS_GND,LAS_TWR,\N,LAS_APP,LAX_CTR
KLAW,\N,LAW_GND,LAW_TWR,\N,FSI_APP,FTW_CTR
KLAX,\N,LAX_GND,LAX_TWR,LAX_DEP,SCT_APP,LAX_CTR
KLBB,LBB_DEL,LBB_GND,LBB_TWR,\N,LBB_APP,FTW_CTR
KLBE,\N,LBE_GND,LBE_TWR,\N,PIT_APP,\N
KLBF,\N,\N,\N,\N,\N,DEN_CTR
KLBT,\N,\N,\N,\N,FAY_APP,\N
KLBX,\N,\N,\N,\N,I90_APP,HOU_CTR
KLCH,LCH_DEL,LCH_GND,LCH_TWR,\N,LCH_APP,HOU_CTR
KLCI,\N,\N,\N,\N,ACK_APP,BOS_CTR
KLCK,\N,LCK_GND,LCK_TWR,\N,CMH_APP,IND_CTR
KLCQ,\N,\N,\N,\N,JAX_APP,JAX_CTR
KLDJ,\N,\N,\N,\N,JFK_APP,NY_CTR
KLDM,\N,\N,\N,\N,\N,MSP_CTR
KLEB,\N,LEB_GND,LEB_TWR,\N,ACK_APP,BOS_CTR
KLEE,\N,LEE_GND,LEE_TWR,\N,MCO_APP,JAX_CTR
KLEM,\N,\N,\N,\N,\N,MSP_CTR
KLEW,\N,\N,\N,\N,PDX_APP,BOS_CTR
KLEX,LEX_DEL,LEX_GND,LEX_TWR,\N,LEX_APP,IND_CTR
KLFI,\N,LFI_GND,LFI_TWR,\N,ORF_APP,DC_CTR
KLFK,\N,\N,\N,\N,\N,HOU_CTR
KLFT,LFT_DEL,LFT_GND,LFT_TWR,\N,LFT_APP,HOU_CTR
KLGA,LGA_DEL,LGA_GND,LGA_TWR,LGA_DEP,LGA_APP,NY_CTR
KLGB,LGB_DEL,LGB_GND,LGB_TWR,\N,SNA_APP,LAX_CTR
KLGC,\N,\N,\N,\N,ATL_APP,ATL_CTR
KLGD,\N,\N,\N,\N,\N,SEA_CTR
KLGF,\N,\N,\N,\N,NYL_APP,\N
KLGU,\N,\N,\N,\N,SLC_APP,SLC_CTR
KLHV,\N,\N,\N,\N,\N,NY_CTR
KLHW,\N,\N,\N,\N,SAV_APP,\N
KLHZ,\N,\N,\N,\N,RDU_APP,\N
KLIC,\N,\N,\N,\N,DEN_APP,DEN_CTR
KLIT,LIT_DEL,LIT_GND,LIT_TWR,\N,LIT_APP,MEM_CTR
KLKP,\N,\N,\N,\N,\N,BOS_CTR
KLKU,\N,\N,\N,\N,PCT_APP,DC_CTR
KLKV,\N,\N,\N,\N,\N,SEA_CTR
KLLJ,\N,\N,\N,\N,\N,SLC_CTR
KLMS,\N,\N,\N,\N,\N,MEM_CTR
KLMT,\N,LMT_GND,LMT_TWR,\N,LMT_APP,SEA_CTR
KLNA,\N,\N,\N,\N,MIA_APP,MIA_CTR
KLND,\N,\N,\N,\N,SLC_APP,\N
KLNK,LNK_DEL,LNK_GND,LNK_TWR,\N,LNK_APP,MSP_CTR
KLNN,\N,\N,\N,\N,CLE_APP,\N
KLNP,\N,\N,\N,\N,\N,IND_CTR
KLNR,\N,\N,\N,\N,MSN_APP,\N
KLNS,\N,LNS_GND,LNS_TWR,\N,MDT_APP,NY_CTR
KLOL,\N,\N,\N,\N,NCT_APP,OAK_CTR
KLOM,\N,\N,\N,\N,PHL_APP,NY_CTR
KLOT,\N,\N,\N,\N,CHI_APP,CHI_CTR
KLOU,LOU_DEL,LOU_GND,LOU_TWR,\N,SDF_APP,IND_CTR
KLOZ,\N,\N,\N,\N,\N,IND_CTR
KLPC,\N,\N,\N,\N,SBA_APP,LAX_CTR
KLQK,\N,\N,\N,\N,GSP_APP,ATL_CTR
KLRD,\N,LRD_GND,LRD_TWR,\N,\N,HOU_CTR
KLRF,\N,\N,\N,\N,LIT_APP,MEM_CTR
KLRJ,\N,\N,\N,\N,SUX_APP,MSP_CTR
KLSB,\N,\N,\N,\N,\N,ABQ_CTR
KLSE,\N,LSE_GND,LSE_TWR,\N,\N,MSP_CTR
KLSF,\N,LSF_GND,LSF_TWR,\N,ATL_APP,ATL_CTR
KLSK,\N,\N,\N,\N,DEN_APP,DEN_CTR
KLSN,\N,\N,\N,\N,NCT_APP,OAK_CTR
KLSV,LSV_DEL,LSV_GND,LSV_TWR,\N,LSV_APP,LAX_CTR
KLTS,LTS_DEL,LTS_GND,LTS_TWR,\N,LTS_APP,FTW_CTR
KLUF,\N,LUF_GND,LUF_TWR,PHX_DEP,PHX_APP,ABQ_CTR
KLUK,\N,LUK_GND,LUK_TWR,\N,CVG_APP,IND_CTR
KLUL,\N,\N,\N,\N,\N,HOU_CTR
KLVK,\N,\N,\N,\N,NCT_APP,OAK_CTR
KLVL,\N,\N,\N,\N,\N,DC_CTR
KLVM,\N,\N,\N,\N,\N,SLC_CTR
KLWB,\N,LWB_GND,LWB_TWR,\N,\N,DC_CTR
KLWL,\N,\N,\N,\N,SLC_APP,SLC_CTR
KLWM,\N,LWM_GND,LWM_TWR,\N,BOS_APP,BOS_CTR
KLWS,\N,\N,LWS_TWR,\N,\N,SEA_CTR
KLWT,\N,\N,\N,\N,\N,SLC_CTR
KLWV,\N,\N,\N,\N,EVV_APP,\N
KLXN,\N,\N,\N,\N,\N,DEN_CTR
KLXV,\N,\N,\N,\N,DEN_APP,DEN_CTR
KLYH,\N,LYH_GND,LYH_TWR,\N,ROA_APP,DC_CTR
KLZU,\N,\N,\N,\N,ATL_APP,ATL_CTR
KMAC,\N,\N,\N,\N,ATL_APP,ATL_CTR
KMAE,\N,\N,\N,\N,NCT_APP,OAK_CTR
KMAF,MAF_DEL,MAF_GND,MAF_TWR,\N,MAF_APP,FTW_CTR
KMAW,\N,\N,\N,\N,MEM_APP,MEM_CTR
KMBO,\N,\N,\N,\N,JAN_APP,\N
KMBS,MBS_DEL,MBS_GND,MBS_TWR,\N,LAN_APP,\N
KMCB,\N,\N,\N,\N,\N,HOU_CTR
KMCC,\N,\N,\N,\N,NCT_APP,OAK_CTR
KMCD,\N,\N,\N,\N,\N,MSP_CTR
KMCE,\N,\N,\N,\N,NCT_APP,OAK_CTR
KMCF,\N,MCF_GND,MCF_TWR,\N,TPA_APP,MIA_CTR
KMCI,\N,\N,MCI_TWR,\N,\N,\N
KMCK,\N,\N,\N,\N,DEN_APP,DEN_CTR
KMCN,\N,MCN_GND,MCN_TWR,\N,ATL_APP,ATL_CTR
KMCO,MCO_DEL,MCO_GND,MCO_TWR,\N,\N,JAX_CTR
KMCW,\N,\N,\N,\N,\N,MSP_CTR
KMDH,\N,\N,MDH_TWR,\N,\N,\N
KMDS,\N,\N,\N,\N,\N,MSP_CTR
KMDT,\N,MDT_GND,MDT_TWR,\N,MDT_APP,NY_CTR
KMDW,MDW_DEL,MDW_GND,MDW_TWR,\N,CHI_APP,CHI_CTR
KMDZ,\N,\N,\N,\N,\N,MSP_CTR
KMEB,\N,\N,\N,\N,FAY_APP,\N
KMEI,\N,MEI_GND,MEI_TWR,\N,MEI_APP,MEM_CTR
KMEM,MEM_DEL,MEM_GND,MEM_TWR,MEM_DEP,MEM_APP,MEM_CTR
KMER,\N,MER_GND,MER_TWR,\N,NCT_APP,OAK_CTR
KMEV,\N,\N,\N,\N,NCT_APP,OAK_CTR
KMFD,\N,MFD_GND,MFD_TWR,\N,CMH_APP,\N
KMFE,\N,MFE_GND,MFE_TWR,\N,VLY_APP,HOU_CTR
KMFI,\N,\N,\N,\N,\N,MSP_CTR
KMFR,\N,MFR_GND,MFR_TWR,\N,EUG_APP,SEA_CTR
KMFV,\N,\N,\N,\N,ORF_APP,DC_CTR
KMGC,\N,\N,\N,\N,SBN_APP,CHI_CTR
KMGE,\N,MGE_GND,MGE_TWR,\N,ATL_APP,ATL_CTR
KMGJ,\N,\N,\N,\N,JFK_APP,NY_CTR
KMGM,MGM_DEL,MGM_GND,MGM_TWR,\N,MGM_APP,ATL_CTR
KMGR,\N,\N,\N,\N,VLD_APP,\N
KMGW,\N,MGW_GND,MGW_TWR,\N,PIT_APP,\N
KMGY,\N,\N,\N,\N,\N,IND_CTR
KMHL,\N,\N,\N,\N,LIT_APP,\N
KMHR,\N,MHR_GND,MHR_TWR,\N,SMF_APP,OAK_CTR
KMHT,MHT_DEL,MHT_GND,MHT_TWR,\N,MHT_APP,BOS_CTR
KMHV,\N,\N,\N,\N,EDW_APP,LAX_CTR
KMIA,\N,MIA_GND,MIA_TWR,\N,MIA_APP,MIA_CTR
KMIB,\N,MIB_GND,MIB_TWR,\N,MIB_APP,MSP_CTR
KMIC,\N,\N,\N,\N,MSP_APP,MSP_CTR
KMIE,\N,MIE_GND,MIE_TWR,IND_DEP,\N,IND_CTR
KMIO,\N,\N,\N,\N,LIT_APP,\N
KMIT,\N,\N,\N,\N,BFL_APP,LAX_CTR
KMJQ,\N,\N,\N,\N,\N,MSP_CTR
KMJX,\N,\N,\N,\N,WRI_APP,\N
KMKC,\N,\N,MKC_TWR,\N,LIT_APP,\N
KMKE,MKE_DEL,MKE_GND,MKE_TWR,\N,MKE_APP,CHI_CTR
KMKG,\N,MKG_GND,MKG_TWR,\N,AZO_APP,CHI_CTR
KMKL,\N,MKL_GND,MKL_TWR,\N,MEM_APP,MEM_CTR
KMKO,\N,\N,\N,\N,\N,FTW_CTR
KMKT,\N,\N,\N,\N,MSP_APP,MSP_CTR
KMKY,\N,\N,\N,\N,RSW_APP,MIA_CTR
KMLB,\N,MLB_GND,MLB_TWR,\N,MCO_APP,JAX_CTR
KMLC,\N,\N,\N,\N,\N,FTW_CTR
KMLD,\N,\N,\N,\N,SLC_APP,SLC_CTR
KMLE,\N,\N,\N,\N,LNK_APP,MSP_CTR
KMLI,MLI_DEL,MLI_GND,MLI_TWR,\N,MLI_APP,CHI_CTR
KMLJ,\N,\N,\N,\N,ATL_APP,ATL_CTR
KMLT,\N,\N,\N,\N,\N,BOS_CTR
KMLU,MLU_DEL,MLU_GND,MLU_TWR,\N,MLU_APP,FTW_CTR
KMMH,\N,\N,\N,\N,NCT_APP,OAK_CTR
KMMI,\N,\N,\N,\N,TYS_APP,ATL_CTR
KMML,\N,\N,\N,\N,MSP_APP,MSP_CTR
KMMS,\N,\N,\N,\N,MEM_APP,MEM_CTR
KMMT,\N,MMT_GND,MMT_TWR,\N,SSC_APP,JAX_CTR
KMMU,MMU_DEL,MMU_GND,MMU_TWR,EWR_DEP,EWR_APP,NY_CTR
KMNM,\N,\N,\N,\N,GRB_APP,\N
KMNN,\N,\N,\N,\N,CMH_APP,\N
KMOB,MOB_DEL,MOB_GND,MOB_TWR,\N,MOB_APP,HOU_CTR
KMOD,\N,MOD_GND,MOD_TWR,\N,NCT_APP,OAK_CTR
KMOR,\N,\N,\N,\N,TYS_APP,\N
KMOT,\N,MOT_GND,MOT_TWR,\N,MIB_APP,MSP_CTR
KMOX,\N,\N,\N,\N,MSP_APP,MSP_CTR
KMPI,\N,\N,\N,\N,NCT_APP,OAK_CTR
KMPJ,\N,\N,\N,\N,LIT_APP,MEM_CTR
KMPO,\N,\N,\N,\N,AVP_APP,NY_CTR
KMPV,\N,\N,\N,\N,\N,BOS_CTR
KMPZ,\N,\N,\N,\N,\N,CHI_CTR
KMQB,\N,\N,\N,\N,\N,CHI_CTR
KMQI,\N,\N,\N,\N,ORF_APP,DC_CTR
KMQS,\N,\N,\N,\N,PHL_APP,\N
KMQW,\N,\N,\N,\N,JAX_APP,\N
KMQY,\N,MQY_GND,MQY_TWR,\N,BNA_APP,MEM_CTR
KMRB,MRB_DEL,MRB_GND,MRB_TWR,\N,PCT_APP,DC_CTR
KMRC,\N,\N,\N,\N,HSV_APP,MEM_CTR
KMRN,\N,\N,\N,\N,\N,ATL_CTR
KMRY,MRY_DEL,MRY_GND,MRY_TWR,\N,NCT_APP,OAK_CTR
KMSL,\N,\N,\N,\N,HSV_APP,MEM_CTR
KMSN,MSN_DEL,MSN_GND,MSN_TWR,\N,MSN_APP,CHI_CTR
KMSO,\N,\N,\N,\N,PSC_APP,\N
KMSP,MSP_DEL,MSP_GND,MSP_TWR,\N,MSP_APP,MSP_CTR
KMSS,\N,\N,\N,\N,ACK_APP,\N
KMSV,\N,\N,\N,\N,JFK_APP,NY_CTR
KMSY,MSY_DEL,MSY_GND,MSY_TWR,\N,MSY_APP,HOU_CTR
KMTC,\N,MTC_GND,MTC_TWR,\N,MTC_APP,\N
KMTH,\N,\N,\N,\N,MIA_APP,MIA_CTR
KMTJ,\N,\N,\N,\N,\N,DEN_CTR
KMTN,\N,MTN_GND,MTN_TWR,\N,PCT_APP,DC_CTR
KMTO,\N,\N,\N,\N,CMI_APP,\N
KMTP,\N,\N,\N,\N,JFK_APP,\N
KMTW,\N,\N,\N,\N,GRB_APP,\N
KMUI,\N,MUI_GND,MUI_TWR,\N,MDT_APP,NY_CTR
KMUO,\N,\N,\N,\N,\N,SLC_CTR
KMUT,\N,\N,\N,\N,MLI_APP,CHI_CTR
KMVC,\N,\N,\N,\N,\N,ATL_CTR
KMVE,\N,\N,\N,\N,MSP_APP,MSP_CTR
KMVL,\N,\N,\N,\N,\N,BOS_CTR
KMVY,\N,\N,\N,\N,\N,BOS_CTR
KMWA,\N,\N,MWA_TWR,\N,\N,\N
KMWC,\N,\N,\N,\N,MKE_APP,\N
KMWH,\N,MWH_GND,MWH_TWR,\N,MWH_APP,SEA_CTR
KMWL,\N,\N,\N,\N,REG_APP,FTW_CTR
KMWM,\N,\N,\N,\N,MSP_APP,MSP_CTR
KMWO,\N,\N,\N,\N,\N,IND_CTR
KMXA,\N,\N,\N,\N,MEM_APP,MEM_CTR
KMXF,\N,MXF_GND,MXF_TWR,\N,MGM_APP,ATL_CTR
KMXO,\N,\N,\N,\N,CID_APP,\N
KMYF,\N,\N,\N,\N,BUR_APP,\N
KMYL,\N,\N,\N,\N,\N,SLC_CTR
KMYR,\N,MYR_GND,MYR_TWR,\N,MYR_APP,JAX_CTR
KMYV,\N,\N,\N,\N,NCT_APP,OAK_CTR
KMZJ,\N,\N,\N,\N,PHX_APP,ABQ_CTR
KMZZ,\N,\N,\N,\N,GUS_APP,\N
KNBG,NBG_DEL,NBG_GND,NBG_TWR,\N,MSY_APP,HOU_CTR
KNDY,\N,\N,\N,\N,\N,DC_CTR
KNEL,\N,NEL_GND,NEL_TWR,\N,WRI_APP,NY_CTR
KNEN,\N,\N,\N,\N,JAX_APP,JAX_CTR
KNEW,\N,NEW_GND,NEW_TWR,\N,MSY_APP,HOU_CTR
KNFL,\N,\N,\N,\N,NCT_APP,\N
KNFW,NFW_DEL,NFW_GND,NFW_TWR,\N,REG_APP,FTW_CTR
KNGP,\N,NGP_GND,NGP_TWR,\N,CRP_APP,HOU_CTR
KNGU,NGU_DEL,NGU_GND,NGU_TWR,\N,ORF_APP,DC_CTR
KNGW,\N,\N,\N,\N,CRP_APP,\N
KNHK,NHK_DEL,NHK_GND,NHK_TWR,\N,RIC_APP,DC_CTR
KNIP,NIP_DEL,NIP_GND,NIP_TWR,\N,JAX_APP,JAX_CTR
KNJK,\N,NJK_GND,NJK_TWR,\N,\N,LAX_CTR
KNKX,NKX_DEL,NKX_GND,NKX_TWR,\N,SAN_APP,LAX_CTR
KNLC,\N,\N,\N,\N,NCT_APP,\N
KNPA,NPA_DEL,NPA_GND,NPA_TWR,\N,\N,JAX_CTR
